{"cameraMode":{"drawMode":0,"name":"Shaded","section":"Shading Mode"},"sceneLighting":true,"audioPlay":false,"sceneViewState":{"showFog":true,"showMaterialUpdate":false,"showSkybox":true,"showFlares":true,"showImageEffects":true,"showParticleSystems":true},"in2DMode":false,"pivot":{"x":3.9672465324401857,"y":6.125415802001953,"z":-13.995044708251954},"rotation":{"x":-0.335312157869339,"y":0.12860028445720673,"z":-0.04626089334487915,"w":-0.9321421980857849},"size":22.0,"orthographic":false}