{"cameraMode":{"drawMode":0,"name":"Shaded","section":"Shading Mode"},"sceneLighting":true,"audioPlay":false,"sceneViewState":{"showFog":true,"showMaterialUpdate":false,"showSkybox":true,"showFlares":true,"showImageEffects":true,"showParticleSystems":true},"in2DMode":false,"pivot":{"x":-1.3346710205078126,"y":10.547090530395508,"z":-26.716415405273439},"rotation":{"x":-0.22973297536373139,"y":-0.498480886220932,"z":0.1389305144548416,"w":-0.8242800831794739},"size":22.0,"orthographic":false}